<?xml version="1.0" encoding="UTF-8" standalone="no"?>
<window xmlns="http://schemas.haulmont.com/cuba/screen/window.xsd"
        caption="msg://orderEdit.caption"
        focusComponent="form"
        messagesPack="com.company.eshop.web.screens.order">
    <data>
        <instance id="orderDc"
                  class="com.company.eshop.entity.Order">
            <view extends="_local">
                <property name="customer" view="_minimal"/>
                <property name="lineItems" view="_minimal">
                    <property name="quantity"/>
                    <property name="sum"/>
                </property>
            </view>
            <loader/>
            <collection id="lineItemsDc" property="lineItems"/>
        </instance>
        <collection id="customersDc" class="com.company.eshop.entity.Customer" view="_minimal">
            <loader id="customersDl">
                <query>
                    <![CDATA[select e from eshop_Customer e]]>
                </query>
            </loader>
        </collection>
    </data>
    <dialogMode height="600"
                width="800"/>
    <layout expand="editActions" spacing="true">
        <form id="form" dataContainer="orderDc">
            <column width="350px">
                <lookupPickerField id="customerField" optionsContainer="customersDc" property="customer">
                    <actions>
                        <action id="lookup" type="picker_lookup"/>
                        <action id="open" type="picker_open"/>
                    </actions>
                </lookupPickerField>
                <textField id="orderIdField" property="orderId"/>
            </column>
        </form>
        <groupBox id="lineItemsBox" caption="msg://com.company.eshop.entity/Order.lineItems">
            <table id="lineItemsTable" dataContainer="lineItemsDc" width="100%" height="200px">
                <actions>
                    <action id="create" type="create"/>
                    <action id="edit" type="edit"/>
                    <action id="remove" type="remove"/>
                </actions>
                <columns>
                    <column id="product"/>
                    <column id="quantity"/>
                    <column id="sum"/>
                </columns>
                <buttonsPanel>
                    <button action="lineItemsTable.create"/>
                    <button action="lineItemsTable.edit"/>
                    <button action="lineItemsTable.remove"/>
                </buttonsPanel>
            </table>
        </groupBox>
        <hbox id="editActions" spacing="true">
            <button action="windowCommitAndClose"/>
            <button action="windowClose"/>
        </hbox>
    </layout>
</window>
