<?xml version="1.0" encoding="UTF-8" standalone="no"?>
<window xmlns="http://schemas.haulmont.com/cuba/screen/window.xsd"
        xmlns:c="http://schemas.haulmont.com/cuba/screen/jpql_condition.xsd"
        caption="msg://orderBrowse.caption"
        focusComponent="ordersTable"
        messagesPack="com.company.eshop.web.screens.order">
    <data readOnly="true">
        <collection id="ordersDc"
                    class="com.company.eshop.entity.Order">
            <view extends="_local">
                <property name="customer" view="_minimal"/>
                <property name="lineItems" view="_minimal">
                    <property name="quantity"/>
                    <property name="sum"/>
                </property>
            </view>
            <loader id="ordersDl">
                <query>
                    <![CDATA[select e from eshop_Order e]]>
                </query>
            </loader>
        </collection>
    </data>
    <dialogMode height="600"
                width="800"/>
    <layout expand="ordersTable"
            spacing="true">
        <filter id="filter"
                applyTo="ordersTable"
                dataLoader="ordersDl">
            <properties include=".*"/>
        </filter>
        <groupTable id="ordersTable"
                    width="100%"
                    dataContainer="ordersDc">
            <actions>
                <action id="create" type="create"/>
                <action id="edit" type="edit"/>
                <action id="remove" type="remove"/>
            </actions>
            <columns>
                <column id="customer"/>
                <column id="orderId"/>
            </columns>
            <rowsCount/>
            <buttonsPanel id="buttonsPanel"
                          alwaysVisible="true">
                <button id="createBtn" action="ordersTable.create"/>
                <button id="editBtn" action="ordersTable.edit"/>
                <button id="removeBtn" action="ordersTable.remove"/>
            </buttonsPanel>
        </groupTable>
        <hbox id="lookupActions" spacing="true" visible="false">
            <button action="lookupSelectAction"/>
            <button action="lookupCancelAction"/>
        </hbox>
    </layout>
</window>
